sentiment,chapter,character
0.22816647589206696,1,Андрей Болконский
-0.44553956389427185,3,Андрей Болконский
-0.44553956389427185,3,Андрей Болконский
0.5621865391731262,3,Андрей Болконский
0.3557848632335663,4,Андрей Болконский
-0.2568419873714447,5,Андрей Болконский
0.29422497749328613,5,Андрей Болконский
-0.2689514458179474,6,Андрей Болконский
-0.287777841091156,6,Андрей Болконский
-0.40734341740608215,6,Андрей Болконский
0.2689514458179474,23,Андрей Болконский
0.46102678775787354,23,Андрей Болконский
0.2689514458179474,23,Андрей Болконский
0.2814156115055084,23,Андрей Болконский
0.9466066956520081,23,Андрей Болконский
-0.4688006341457367,24,Андрей Болконский
-0.3923468291759491,24,Андрей Болконский
0.8479777574539185,25,Андрей Болконский
0.2568419873714447,25,Андрей Болконский
0.3702353835105896,25,Андрей Болконский
0.4225146472454071,25,Андрей Болконский
-0.29422497749328613,25,Андрей Болконский
0.41490885615348816,25,Андрей Болконский
0.8439050912857056,25,Андрей Болконский
-0.287777841091156,25,Андрей Болконский
-0.23371636867523193,28,Андрей Болконский
-0.2689514458179474,34,Андрей Болконский
0.30736804008483887,34,Андрей Болконский
-0.30736804008483887,35,Андрей Болконский
-0.30736804008483887,35,Андрей Болконский
0.4688006341457367,35,Андрей Болконский
-0.3557848632335663,38,Андрей Болконский
-0.287777841091156,38,Андрей Болконский
-0.5000100135803223,38,Андрей Болконский
-0.275139719247818,38,Андрей Болконский
0.3007555902004242,40,Андрей Болконский
-0.2814156115055084,40,Андрей Болконский
0.5000100135803223,41,Андрей Болконский
-0.3140605390071869,43,Андрей Болконский
-0.33459946513175964,43,Андрей Болконский
0.23935934901237488,43,Андрей Болконский
-0.3007555902004242,46,Андрей Болконский
-0.3629792034626007,47,Андрей Болконский
0.20690405368804932,51,Андрей Болконский
0.41490885615348816,53,Андрей Болконский
0.3276783227920532,53,Андрей Болконский
-0.320831298828125,55,Андрей Болконский
-0.320831298828125,55,Андрей Болконский
0.3998216390609741,55,Андрей Болконский
0.30736804008483887,55,Андрей Болконский
0.546748161315918,55,Андрей Болконский
0.41490885615348816,55,Андрей Болконский
-0.2689514458179474,55,Андрей Болконский
-0.3415925204753876,58,Андрей Болконский
0.3276783227920532,61,Андрей Болконский
0.2814156115055084,61,Андрей Болконский
-0.3775506913661957,62,Андрей Болконский
-0.4765896201133728,62,Андрей Болконский
0.46102678775787354,62,Андрей Болконский
-0.2568419873714447,62,Андрей Болконский
-0.3276783227920532,62,Андрей Болконский
-0.4301573634147644,62,Андрей Болконский
-0.4301573634147644,65,Андрей Болконский
0.24509501457214355,65,Андрей Болконский
-0.44553956389427185,72,Андрей Болконский
0.287777841091156,74,Андрей Болконский
-0.287777841091156,74,Андрей Болконский
-0.3007555902004242,74,Андрей Болконский
-0.320831298828125,89,Андрей Болконский
-0.3775506913661957,90,Андрей Болконский
-0.348655104637146,90,Андрей Болконский
0.3007555902004242,92,Андрей Болконский
-0.5775054097175598,92,Андрей Болконский
-0.320831298828125,92,Андрей Болконский
-0.3276783227920532,92,Андрей Болконский
-0.23371636867523193,92,Андрей Болконский
-0.3998216390609741,92,Андрей Болконский
-0.5312193632125854,92,Андрей Болконский
0.3007555902004242,93,Андрей Болконский
-0.38492217659950256,93,Андрей Болконский
0.41490885615348816,93,Андрей Болконский
-0.33459946513175964,93,Андрей Болконский
0.3775506913661957,94,Андрей Болконский
-0.4765896201133728,94,Андрей Болконский
-0.23935934901237488,94,Андрей Болконский
-0.287777841091156,95,Андрей Болконский
-0.4225146472454071,95,Андрей Болконский
-0.29422497749328613,95,Андрей Болконский
-0.3007555902004242,103,Андрей Болконский
-0.4225146472454071,103,Андрей Болконский
-0.275139719247818,103,Андрей Болконский
0.26285186409950256,104,Андрей Болконский
-0.33459946513175964,104,Андрей Болконский
-0.348655104637146,104,Андрей Болконский
0.287777841091156,105,Андрей Болконский
-0.23935934901237488,105,Андрей Болконский
-0.24509501457214355,105,Андрей Болконский
-0.320831298828125,105,Андрей Болконский
-0.33459946513175964,106,Андрей Болконский
-0.33459946513175964,106,Андрей Болконский
-0.33459946513175964,106,Андрей Болконский
0.9466066956520081,106,Андрей Болконский
-0.4688006341457367,107,Андрей Болконский
0.2814156115055084,107,Андрей Болконский
-0.24509501457214355,117,Андрей Болконский
-0.287777841091156,118,Андрей Болконский
0.2814156115055084,118,Андрей Болконский
0.5078218579292297,118,Андрей Болконский
0.30736804008483887,118,Андрей Болконский
0.3007555902004242,119,Андрей Болконский
0.46102678775787354,119,Андрей Болконский
0.4765896201133728,119,Андрей Болконский
0.3557848632335663,120,Андрей Болконский
-0.30736804008483887,120,Андрей Болконский
0.29422497749328613,120,Андрей Болконский
0.3140605390071869,120,Андрей Болконский
0.3629792034626007,121,Андрей Болконский
0.3276783227920532,121,Андрей Болконский
0.3276783227920532,121,Андрей Болконский
0.30736804008483887,121,Андрей Болконский
-0.2689514458179474,121,Андрей Болконский
0.287777841091156,123,Андрей Болконский
0.3923468291759491,124,Андрей Болконский
0.607673168182373,124,Андрей Болконский
-0.26285186409950256,124,Андрей Болконский
0.275139719247818,124,Андрей Болконский
-0.3629792034626007,125,Андрей Болконский
-0.3415925204753876,125,Андрей Болконский
-0.3923468291759491,126,Андрей Болконский
0.29422497749328613,126,Андрей Болконский
0.4765896201133728,126,Андрей Болконский
0.38492217659950256,126,Андрей Болконский
-0.22271016240119934,127,Андрей Болконский
-0.287777841091156,127,Андрей Болконский
-0.30736804008483887,128,Андрей Болконский
-0.23935934901237488,128,Андрей Болконский
-0.3007555902004242,129,Андрей Болконский
0.3276783227920532,135,Андрей Болконский
-0.29422497749328613,136,Андрей Болконский
0.24509501457214355,137,Андрей Болконский
-0.3415925204753876,137,Андрей Болконский
0.2689514458179474,138,Андрей Болконский
-0.275139719247818,142,Андрей Болконский
-0.348655104637146,143,Андрей Болконский
-0.287777841091156,145,Андрей Болконский
0.320831298828125,147,Андрей Болконский
-0.22271016240119934,147,Андрей Болконский
0.275139719247818,151,Андрей Болконский
-0.3415925204753876,151,Андрей Болконский
-0.3007555902004242,153,Андрей Болконский
0.29422497749328613,154,Андрей Болконский
0.24509501457214355,155,Андрей Болконский
0.20690405368804932,156,Андрей Болконский
-0.29422497749328613,156,Андрей Болконский
-0.30736804008483887,156,Андрей Болконский
-0.3415925204753876,160,Андрей Болконский
-0.5156299471855164,160,Андрей Болконский
0.21207880973815918,162,Андрей Болконский
-0.3702353835105896,162,Андрей Болконский
-0.4921981394290924,162,Андрей Болконский
0.585111141204834,162,Андрей Болконский
-0.2814156115055084,162,Андрей Болконский
0.29422497749328613,162,Андрей Болконский
-0.38492217659950256,171,Андрей Болконский
-0.3923468291759491,171,Андрей Болконский
-0.2568419873714447,171,Андрей Болконский
0.3415925204753876,171,Андрей Болконский
-0.2689514458179474,171,Андрей Болконский
-0.41490885615348816,171,Андрей Болконский
-0.22271016240119934,171,Андрей Болконский
0.4378334879875183,173,Андрей Болконский
-0.3415925204753876,174,Андрей Болконский
-0.29422497749328613,181,Андрей Болконский
-0.41490885615348816,191,Андрей Болконский
0.3140605390071869,191,Андрей Болконский
0.41490885615348816,191,Андрей Болконский
-0.3775506913661957,191,Андрей Болконский
-0.26285186409950256,191,Андрей Болконский
-0.523430347442627,194,Андрей Болконский
-0.287777841091156,194,Андрей Болконский
-0.4765896201133728,195,Андрей Болконский
-0.41490885615348816,201,Андрей Болконский
-0.3007555902004242,201,Андрей Болконский
-0.3007555902004242,201,Андрей Болконский
-0.30736804008483887,201,Андрей Болконский
-0.29422497749328613,210,Андрей Болконский
0.2689514458179474,210,Андрей Болконский
0.287777841091156,210,Андрей Болконский
-0.320831298828125,210,Андрей Болконский
-0.26285186409950256,211,Андрей Болконский
0.3140605390071869,211,Андрей Болконский
-0.33459946513175964,211,Андрей Болконский
-0.4301573634147644,211,Андрей Болконский
-0.44553956389427185,211,Андрей Болконский
-0.3629792034626007,211,Андрей Болконский
-0.38492217659950256,211,Андрей Болконский
-0.41490885615348816,211,Андрей Болконский
0.4225146472454071,211,Андрей Болконский
-0.275139719247818,216,Андрей Болконский
-0.41490885615348816,222,Андрей Болконский
-0.3415925204753876,222,Андрей Болконский
-0.4532718360424042,223,Андрей Болконский
0.33459946513175964,223,Андрей Болконский
-0.585111141204834,223,Андрей Болконский
0.2814156115055084,223,Андрей Болконский
-0.4921981394290924,236,Андрей Болконский
0.44553956389427185,237,Андрей Болконский
0.275139719247818,242,Андрей Болконский
-0.348655104637146,256,Андрей Болконский
-0.3775506913661957,256,Андрей Болконский
0.3629792034626007,256,Андрей Болконский
-0.30736804008483887,257,Андрей Болконский
-0.59267657995224,257,Андрей Болконский
-0.3557848632335663,257,Андрей Болконский
0.30736804008483887,257,Андрей Болконский
0.5621865391731262,257,Андрей Болконский
0.585111141204834,257,Андрей Болконский
0.275139719247818,265,Андрей Болконский
0.3998216390609741,265,Андрей Болконский
0.3629792034626007,266,Андрей Болконский
-0.29422497749328613,267,Андрей Болконский
-0.3702353835105896,267,Андрей Болконский
-0.24509501457214355,267,Андрей Болконский
0.24509501457214355,267,Андрей Болконский
-0.23371636867523193,273,Андрей Болконский
-0.3007555902004242,273,Андрей Болконский
-0.3923468291759491,273,Андрей Болконский
-0.4378334879875183,274,Андрей Болконский
-0.29422497749328613,274,Андрей Болконский
0.2689514458179474,274,Андрей Болконский
-0.21207880973815918,274,Андрей Болконский
-0.3702353835105896,274,Андрей Болконский
-0.4225146472454071,275,Андрей Болконский
-0.26285186409950256,275,Андрей Болконский
-0.4843900501728058,275,Андрей Болконский
-0.585111141204834,275,Андрей Болконский
-0.26285186409950256,275,Андрей Болконский
-0.3629792034626007,314,Андрей Болконский
-0.2689514458179474,316,Андрей Болконский
-0.40734341740608215,325,Андрей Болконский
-0.41490885615348816,325,Андрей Болконский
0.348655104637146,331,Андрей Болконский
-0.4921981394290924,338,Андрей Болконский
0.275139719247818,343,Андрей Болконский
-0.38492217659950256,347,Андрей Болконский
-0.4921981394290924,347,Андрей Болконский
-0.4688006341457367,349,Андрей Болконский
0.348655104637146,3,Пьер Безухов
0.5621865391731262,3,Пьер Безухов
0.6224693655967712,3,Пьер Безухов
0.41490885615348816,4,Пьер Безухов
-0.38492217659950256,4,Пьер Безухов
-0.41490885615348816,4,Пьер Безухов
0.7122421860694885,4,Пьер Безухов
0.3629792034626007,4,Пьер Безухов
-0.33459946513175964,5,Пьер Безухов
0.29422497749328613,5,Пьер Безухов
-0.44553956389427185,6,Пьер Безухов
0.4301573634147644,6,Пьер Безухов
-0.287777841091156,6,Пьер Безухов
-0.607673168182373,6,Пьер Безухов
-0.3923468291759491,6,Пьер Безухов
-0.40734341740608215,6,Пьер Безухов
-0.2814156115055084,6,Пьер Безухов
-0.3702353835105896,6,Пьер Безухов
-0.26285186409950256,7,Пьер Безухов
-0.33459946513175964,7,Пьер Безухов
-0.23935934901237488,7,Пьер Безухов
0.30736804008483887,13,Пьер Безухов
-0.38492217659950256,13,Пьер Безухов
0.3140605390071869,13,Пьер Безухов
-0.6584275364875793,13,Пьер Безухов
-0.287777841091156,13,Пьер Безухов
-0.40734341740608215,13,Пьер Безухов
0.3702353835105896,14,Пьер Безухов
-0.3415925204753876,15,Пьер Безухов
-0.40734341740608215,15,Пьер Безухов
0.23371636867523193,16,Пьер Безухов
0.3276783227920532,17,Пьер Безухов
-0.3140605390071869,18,Пьер Безухов
-0.348655104637146,18,Пьер Безухов
-0.3702353835105896,18,Пьер Безухов
-0.3702353835105896,18,Пьер Безухов
-0.2814156115055084,19,Пьер Безухов
-0.2814156115055084,19,Пьер Безухов
-0.4765896201133728,19,Пьер Безухов
-0.1968362182378769,19,Пьер Безухов
-0.3276783227920532,19,Пьер Безухов
-0.24509501457214355,20,Пьер Безухов
-0.33459946513175964,20,Пьер Безухов
-0.320831298828125,20,Пьер Безухов
-0.38492217659950256,20,Пьер Безухов
-0.29422497749328613,21,Пьер Безухов
-0.348655104637146,21,Пьер Безухов
-0.607673168182373,21,Пьер Безухов
-0.22816647589206696,21,Пьер Безухов
0.2568419873714447,47,Пьер Безухов
-0.3629792034626007,47,Пьер Безухов
-0.287777841091156,47,Пьер Безухов
0.3629792034626007,47,Пьер Безухов
0.40734341740608215,47,Пьер Безухов
-0.287777841091156,47,Пьер Безухов
0.33459946513175964,47,Пьер Безухов
0.33459946513175964,47,Пьер Безухов
0.3140605390071869,47,Пьер Безухов
-0.348655104637146,47,Пьер Безухов
0.3276783227920532,47,Пьер Безухов
-0.3702353835105896,48,Пьер Безухов
-0.3415925204753876,48,Пьер Безухов
-0.320831298828125,48,Пьер Безухов
0.2689514458179474,48,Пьер Безухов
0.3775506913661957,48,Пьер Безухов
-0.348655104637146,48,Пьер Безухов
-0.23371636867523193,48,Пьер Безухов
0.38492217659950256,48,Пьер Безухов
-0.46102678775787354,48,Пьер Безухов
-0.275139719247818,48,Пьер Безухов
-0.33459946513175964,48,Пьер Безухов
0.3775506913661957,48,Пьер Безухов
-0.26285186409950256,48,Пьер Безухов
0.3629792034626007,48,Пьер Безухов
0.4532718360424042,67,Пьер Безухов
-0.3140605390071869,68,Пьер Безухов
-0.3923468291759491,69,Пьер Безухов
-0.348655104637146,69,Пьер Безухов
-0.3276783227920532,69,Пьер Безухов
-0.5078218579292297,69,Пьер Безухов
-0.7981967926025391,69,Пьер Безухов
-0.348655104637146,69,Пьер Безухов
-0.4688006341457367,70,Пьер Безухов
-0.523430347442627,70,Пьер Безухов
-0.6001983880996704,70,Пьер Безухов
0.3775506913661957,70,Пьер Безухов
-0.4532718360424042,71,Пьер Безухов
-0.3629792034626007,71,Пьер Безухов
-0.5156299471855164,71,Пьер Безухов
-0.3557848632335663,75,Пьер Безухов
-0.3923468291759491,75,Пьер Безухов
0.2689514458179474,75,Пьер Безухов
0.2689514458179474,75,Пьер Безухов
0.3998216390609741,77,Пьер Безухов
-0.3629792034626007,82,Пьер Безухов
-0.3007555902004242,82,Пьер Безухов
-0.3415925204753876,82,Пьер Безухов
-0.2689514458179474,82,Пьер Безухов
-0.2689514458179474,82,Пьер Безухов
0.4688006341457367,83,Пьер Безухов
-0.348655104637146,83,Пьер Безухов
0.30736804008483887,83,Пьер Безухов
-0.38492217659950256,83,Пьер Безухов
0.4378334879875183,83,Пьер Безухов
-0.3702353835105896,83,Пьер Безухов
-0.771853506565094,83,Пьер Безухов
-0.523430347442627,83,Пьер Безухов
-0.4532718360424042,83,Пьер Безухов
-0.4532718360424042,83,Пьер Безухов
0.29422497749328613,84,Пьер Безухов
-0.41490885615348816,84,Пьер Безухов
-0.33459946513175964,84,Пьер Безухов
0.3415925204753876,84,Пьер Безухов
-0.23935934901237488,84,Пьер Безухов
-0.287777841091156,84,Пьер Безухов
-0.3998216390609741,84,Пьер Безухов
0.6442351341247559,84,Пьер Безухов
-0.33459946513175964,85,Пьер Безухов
-0.41490885615348816,85,Пьер Безухов
-0.4225146472454071,85,Пьер Безухов
-0.3276783227920532,85,Пьер Безухов
-0.320831298828125,86,Пьер Безухов
-0.33459946513175964,87,Пьер Безухов
0.1778208613395691,91,Пьер Безухов
0.3007555902004242,92,Пьер Безухов
-0.607673168182373,92,Пьер Безухов
-0.3276783227920532,92,Пьер Безухов
-0.5156299471855164,92,Пьер Безухов
-0.7431780099868774,92,Пьер Безухов
-0.3998216390609741,92,Пьер Безухов
-0.5312193632125854,92,Пьер Безухов
-0.287777841091156,93,Пьер Безухов
0.3007555902004242,93,Пьер Безухов
-0.4301573634147644,93,Пьер Безухов
0.41490885615348816,93,Пьер Безухов
-0.33459946513175964,93,Пьер Безухов
0.3775506913661957,94,Пьер Безухов
-0.23935934901237488,94,Пьер Безухов
-0.4225146472454071,95,Пьер Безухов
-0.29422497749328613,95,Пьер Безухов
-0.3998216390609741,95,Пьер Безухов
-0.3923468291759491,95,Пьер Безухов
-0.3007555902004242,103,Пьер Безухов
-0.23935934901237488,105,Пьер Безухов
-0.24509501457214355,105,Пьер Безухов
-0.320831298828125,105,Пьер Безухов
-0.348655104637146,109,Пьер Безухов
-0.3702353835105896,109,Пьер Безухов
-0.3276783227920532,109,Пьер Безухов
-0.3276783227920532,109,Пьер Безухов
-0.4225146472454071,110,Пьер Безухов
-0.3276783227920532,110,Пьер Безухов
-0.33459946513175964,111,Пьер Безухов
-0.3629792034626007,111,Пьер Безухов
0.22816647589206696,117,Пьер Безухов
-0.287777841091156,117,Пьер Безухов
-0.24509501457214355,117,Пьер Безухов
0.3629792034626007,118,Пьер Безухов
0.30736804008483887,118,Пьер Безухов
0.21734751760959625,119,Пьер Безухов
-0.6297846436500549,119,Пьер Безухов
0.6297846436500549,119,Пьер Безухов
0.4688006341457367,119,Пьер Безухов
0.4378334879875183,122,Пьер Безухов
-0.24509501457214355,123,Пьер Безухов
0.3276783227920532,123,Пьер Безухов
0.3140605390071869,123,Пьер Безухов
0.607673168182373,124,Пьер Безухов
-0.26285186409950256,124,Пьер Безухов
0.275139719247818,124,Пьер Безухов
-0.3629792034626007,125,Пьер Безухов
-0.275139719247818,142,Пьер Безухов
0.287777841091156,142,Пьер Безухов
-0.348655104637146,142,Пьер Безухов
-0.5156299471855164,144,Пьер Безухов
0.7248802781105042,145,Пьер Безухов
-0.287777841091156,145,Пьер Безухов
0.4688006341457367,149,Пьер Безухов
0.4688006341457367,149,Пьер Безухов
0.22271016240119934,150,Пьер Безухов
0.275139719247818,150,Пьер Безухов
0.287777841091156,150,Пьер Безухов
0.24509501457214355,153,Пьер Безухов
0.6150978803634644,153,Пьер Безухов
-0.30736804008483887,156,Пьер Безухов
-0.3415925204753876,160,Пьер Безухов
-0.4532718360424042,160,Пьер Безухов
-0.5312193632125854,160,Пьер Безухов
-0.3998216390609741,160,Пьер Безухов
-0.8311530351638794,160,Пьер Безухов
-0.46102678775787354,161,Пьер Безухов
-0.33459946513175964,161,Пьер Безухов
-0.275139719247818,161,Пьер Безухов
0.4301573634147644,161,Пьер Безухов
-0.22816647589206696,162,Пьер Безухов
0.21207880973815918,162,Пьер Безухов
-0.3702353835105896,162,Пьер Безухов
-0.2814156115055084,162,Пьер Безухов
0.29422497749328613,162,Пьер Безухов
-0.59267657995224,163,Пьер Безухов
-0.5000100135803223,163,Пьер Безухов
-0.38492217659950256,163,Пьер Безухов
-0.5156299471855164,163,Пьер Безухов
-0.3998216390609741,163,Пьер Безухов
-0.30736804008483887,163,Пьер Безухов
-0.3629792034626007,163,Пьер Безухов
-0.2689514458179474,163,Пьер Безухов
-0.3007555902004242,180,Пьер Безухов
-0.3007555902004242,180,Пьер Безухов
-0.3775506913661957,182,Пьер Безухов
-0.2689514458179474,182,Пьер Безухов
-0.46102678775787354,183,Пьер Безухов
-0.4532718360424042,183,Пьер Безухов
0.33459946513175964,183,Пьер Безухов
-0.30736804008483887,183,Пьер Безухов
-0.3415925204753876,183,Пьер Безухов
-0.3415925204753876,183,Пьер Безухов
0.320831298828125,183,Пьер Безухов
0.3007555902004242,183,Пьер Безухов
-0.607673168182373,183,Пьер Безухов
0.24509501457214355,185,Пьер Безухов
-0.287777841091156,185,Пьер Безухов
0.3923468291759491,185,Пьер Безухов
-0.3923468291759491,185,Пьер Безухов
-0.4921981394290924,185,Пьер Безухов
-0.4378334879875183,185,Пьер Безухов
-0.4765896201133728,186,Пьер Безухов
-0.3923468291759491,186,Пьер Безухов
-0.4378334879875183,186,Пьер Безухов
-0.4378334879875183,186,Пьер Безухов
-0.4765896201133728,203,Пьер Безухов
-0.3998216390609741,203,Пьер Безухов
-0.3629792034626007,204,Пьер Безухов
-0.38492217659950256,204,Пьер Безухов
-0.3140605390071869,204,Пьер Безухов
-0.320831298828125,204,Пьер Безухов
-0.29422497749328613,204,Пьер Безухов
-0.33459946513175964,204,Пьер Безухов
-0.3007555902004242,206,Пьер Безухов
-0.4301573634147644,206,Пьер Безухов
0.320831298828125,206,Пьер Безухов
-0.3775506913661957,206,Пьер Безухов
-0.3557848632335663,206,Пьер Безухов
-0.2689514458179474,206,Пьер Безухов
-0.2814156115055084,207,Пьер Безухов
0.4765896201133728,207,Пьер Безухов
0.23371636867523193,207,Пьер Безухов
-0.4532718360424042,207,Пьер Безухов
0.4688006341457367,207,Пьер Безухов
0.3140605390071869,208,Пьер Безухов
0.4301573634147644,208,Пьер Безухов
-0.29422497749328613,209,Пьер Безухов
0.287777841091156,210,Пьер Безухов
-0.320831298828125,210,Пьер Безухов
0.5156299471855164,210,Пьер Безухов
0.3557848632335663,211,Пьер Безухов
-0.275139719247818,216,Пьер Безухов
-0.6001983880996704,216,Пьер Безухов
-0.287777841091156,216,Пьер Безухов
-0.30736804008483887,216,Пьер Безухов
-0.3140605390071869,216,Пьер Безухов
-0.3702353835105896,217,Пьер Безухов
0.2689514458179474,217,Пьер Безухов
-0.4532718360424042,217,Пьер Безухов
-0.320831298828125,217,Пьер Безухов
-0.3702353835105896,217,Пьер Безухов
-0.585111141204834,217,Пьер Безухов
-0.5156299471855164,217,Пьер Безухов
0.3140605390071869,217,Пьер Безухов
0.5078218579292297,217,Пьер Безухов
-0.287777841091156,217,Пьер Безухов
-0.41490885615348816,217,Пьер Безухов
-0.22271016240119934,217,Пьер Безухов
-0.3415925204753876,217,Пьер Безухов
-0.3923468291759491,217,Пьер Безухов
-0.3007555902004242,217,Пьер Безухов
-0.3557848632335663,217,Пьер Безухов
-0.38492217659950256,217,Пьер Безухов
0.320831298828125,217,Пьер Безухов
-0.5544804334640503,218,Пьер Безухов
-0.30736804008483887,218,Пьер Безухов
-0.4765896201133728,218,Пьер Безухов
-0.3276783227920532,219,Пьер Безухов
-0.41490885615348816,233,Пьер Безухов
-0.41490885615348816,233,Пьер Безухов
-0.30736804008483887,233,Пьер Безухов
-0.2689514458179474,233,Пьер Безухов
-0.38492217659950256,233,Пьер Безухов
-0.320831298828125,234,Пьер Безухов
-0.5000100135803223,234,Пьер Безухов
-0.3998216390609741,234,Пьер Безухов
-0.585111141204834,234,Пьер Безухов
-0.4921981394290924,234,Пьер Безухов
-0.44553956389427185,234,Пьер Безухов
-0.41490885615348816,234,Пьер Безухов
-0.4225146472454071,234,Пьер Безухов
-0.41490885615348816,235,Пьер Безухов
-0.4225146472454071,236,Пьер Безухов
-0.4301573634147644,236,Пьер Безухов
-0.38492217659950256,236,Пьер Безухов
-0.2814156115055084,237,Пьер Безухов
-0.3415925204753876,242,Пьер Безухов
-0.4225146472454071,243,Пьер Безухов
-0.2568419873714447,243,Пьер Безухов
-0.2814156115055084,243,Пьер Безухов
-0.2814156115055084,243,Пьер Безухов
-0.2568419873714447,243,Пьер Безухов
-0.20182321965694427,243,Пьер Безухов
-0.5000100135803223,252,Пьер Безухов
-0.29422497749328613,252,Пьер Безухов
-0.3629792034626007,252,Пьер Безухов
-0.44553956389427185,252,Пьер Безухов
-0.2509227991104126,252,Пьер Безухов
-0.4301573634147644,252,Пьер Безухов
-0.2814156115055084,252,Пьер Безухов
-0.320831298828125,252,Пьер Безухов
-0.41490885615348816,253,Пьер Безухов
0.287777841091156,254,Пьер Безухов
0.24509501457214355,254,Пьер Безухов
0.320831298828125,254,Пьер Безухов
0.21734751760959625,254,Пьер Безухов
0.29422497749328613,254,Пьер Безухов
-0.3775506913661957,254,Пьер Безухов
0.275139719247818,254,Пьер Безухов
0.287777841091156,254,Пьер Безухов
-0.38492217659950256,254,Пьер Безухов
-0.4225146472454071,254,Пьер Безухов
-0.4301573634147644,254,Пьер Безухов
0.23935934901237488,254,Пьер Безухов
-0.4301573634147644,258,Пьер Безухов
-0.3702353835105896,258,Пьер Безухов
-0.44553956389427185,258,Пьер Безухов
-0.24509501457214355,258,Пьер Безухов
-0.5078218579292297,258,Пьер Безухов
-0.348655104637146,258,Пьер Безухов
-0.38492217659950256,258,Пьер Безухов
0.3140605390071869,259,Пьер Безухов
0.40734341740608215,259,Пьер Безухов
-0.4378334879875183,259,Пьер Безухов
0.4765896201133728,259,Пьер Безухов
-0.3998216390609741,263,Пьер Безухов
-0.4301573634147644,269,Пьер Безухов
-0.4532718360424042,269,Пьер Безухов
-0.9324633479118347,269,Пьер Безухов
-0.3998216390609741,270,Пьер Безухов
-0.4532718360424042,270,Пьер Безухов
-0.33459946513175964,270,Пьер Безухов
-0.3923468291759491,270,Пьер Безухов
-0.4532718360424042,270,Пьер Безухов
-0.3923468291759491,270,Пьер Безухов
-0.3998216390609741,270,Пьер Безухов
-0.5698626637458801,270,Пьер Безухов
-0.38492217659950256,270,Пьер Безухов
-0.4532718360424042,271,Пьер Безухов
-0.5621865391731262,271,Пьер Безухов
-0.2814156115055084,271,Пьер Безухов
0.275139719247818,271,Пьер Безухов
0.320831298828125,271,Пьер Безухов
-0.6442351341247559,271,Пьер Безухов
-0.3923468291759491,271,Пьер Безухов
0.22271016240119934,271,Пьер Безухов
0.44553956389427185,272,Пьер Безухов
0.3415925204753876,272,Пьер Безухов
-0.3007555902004242,272,Пьер Безухов
0.40734341740608215,272,Пьер Безухов
-0.2814156115055084,286,Пьер Безухов
0.3140605390071869,286,Пьер Безухов
0.23935934901237488,287,Пьер Безухов
-0.3557848632335663,288,Пьер Безухов
-0.275139719247818,288,Пьер Безухов
-0.3276783227920532,288,Пьер Безухов
-0.23371636867523193,288,Пьер Безухов
-0.3998216390609741,289,Пьер Безухов
-0.4301573634147644,289,Пьер Безухов
-0.320831298828125,289,Пьер Безухов
-0.38492217659950256,289,Пьер Безухов
-0.2814156115055084,289,Пьер Безухов
-0.4378334879875183,289,Пьер Безухов
-0.33459946513175964,289,Пьер Безухов
-0.3557848632335663,289,Пьер Безухов
-0.41490885615348816,306,Пьер Безухов
-0.3629792034626007,306,Пьер Безухов
-0.3557848632335663,307,Пьер Безухов
-0.26285186409950256,307,Пьер Безухов
0.3415925204753876,307,Пьер Безухов
-0.3629792034626007,307,Пьер Безухов
0.7248802781105042,307,Пьер Безухов
-0.348655104637146,308,Пьер Безухов
0.546748161315918,309,Пьер Безухов
-0.2568419873714447,309,Пьер Безухов
-0.3629792034626007,325,Пьер Безухов
-0.40734341740608215,325,Пьер Безухов
-0.41490885615348816,325,Пьер Безухов
-0.320831298828125,325,Пьер Безухов
-0.3775506913661957,326,Пьер Безухов
-0.2689514458179474,326,Пьер Безухов
0.4532718360424042,326,Пьер Безухов
0.4378334879875183,326,Пьер Безухов
-0.2568419873714447,326,Пьер Безухов
0.23935934901237488,326,Пьер Безухов
-0.29422497749328613,326,Пьер Безухов
-0.4688006341457367,326,Пьер Безухов
0.24509501457214355,326,Пьер Безухов
-0.538993239402771,328,Пьер Безухов
-0.2689514458179474,328,Пьер Безухов
-0.3775506913661957,328,Пьер Безухов
-0.3140605390071869,328,Пьер Безухов
-0.3276783227920532,328,Пьер Безухов
-0.348655104637146,328,Пьер Безухов
0.348655104637146,328,Пьер Безухов
-0.3276783227920532,328,Пьер Безухов
0.6224693655967712,328,Пьер Безухов
0.275139719247818,329,Пьер Безухов
-0.3415925204753876,329,Пьер Безухов
-0.2689514458179474,329,Пьер Безухов
0.3140605390071869,329,Пьер Безухов
-0.5000100135803223,330,Пьер Безухов
0.3007555902004242,330,Пьер Безухов
0.287777841091156,330,Пьер Безухов
-0.7248802781105042,330,Пьер Безухов
0.523430347442627,330,Пьер Безухов
0.523430347442627,330,Пьер Безухов
0.3557848632335663,330,Пьер Безухов
0.5156299471855164,331,Пьер Безухов
-0.40734341740608215,331,Пьер Безухов
0.3415925204753876,331,Пьер Безухов
0.2509227991104126,331,Пьер Безухов
-0.275139719247818,331,Пьер Безухов
-0.348655104637146,331,Пьер Безухов
-0.3629792034626007,331,Пьер Безухов
-0.33459946513175964,331,Пьер Безухов
0.41490885615348816,331,Пьер Безухов
-0.4921981394290924,332,Пьер Безухов
-0.5544804334640503,332,Пьер Безухов
0.2814156115055084,332,Пьер Безухов
-0.29422497749328613,332,Пьер Безухов
-0.2814156115055084,333,Пьер Безухов
-0.23371636867523193,333,Пьер Безухов
-0.33459946513175964,338,Пьер Безухов
-0.348655104637146,338,Пьер Безухов
-0.275139719247818,343,Пьер Безухов
-0.2509227991104126,343,Пьер Безухов
0.3702353835105896,343,Пьер Безухов
-0.348655104637146,344,Пьер Безухов
-0.40734341740608215,344,Пьер Безухов
0.2689514458179474,344,Пьер Безухов
0.4688006341457367,344,Пьер Безухов
0.3629792034626007,344,Пьер Безухов
-0.3775506913661957,344,Пьер Безухов
0.29422497749328613,344,Пьер Безухов
0.348655104637146,345,Пьер Безухов
0.21207880973815918,345,Пьер Безухов
0.21207880973815918,345,Пьер Безухов
0.3415925204753876,345,Пьер Безухов
0.2689514458179474,345,Пьер Безухов
-0.3140605390071869,345,Пьер Безухов
-0.523430347442627,345,Пьер Безухов
-0.4378334879875183,345,Пьер Безухов
-0.46102678775787354,345,Пьер Безухов
-0.20690405368804932,346,Пьер Безухов
-0.3998216390609741,346,Пьер Безухов
0.5078218579292297,346,Пьер Безухов
0.3007555902004242,347,Пьер Безухов
-0.30736804008483887,347,Пьер Безухов
0.33459946513175964,347,Пьер Безухов
0.4765896201133728,347,Пьер Безухов
-0.3276783227920532,347,Пьер Безухов
-0.4921981394290924,347,Пьер Безухов
-0.3007555902004242,347,Пьер Безухов
-0.3415925204753876,348,Пьер Безухов
-0.3276783227920532,348,Пьер Безухов
-0.33459946513175964,348,Пьер Безухов
-0.3007555902004242,348,Пьер Безухов
-0.3007555902004242,349,Пьер Безухов
-0.22271016240119934,349,Пьер Безухов
0.33459946513175964,349,Пьер Безухов
-0.3629792034626007,349,Пьер Безухов
-0.4688006341457367,349,Пьер Безухов
0.5078218579292297,349,Пьер Безухов
-0.6001983880996704,8,Наташа
0.3415925204753876,10,Наташа
-0.30736804008483887,10,Наташа
0.30736804008483887,11,Наташа
0.3415925204753876,16,Наташа
-0.26285186409950256,16,Наташа
0.4301573634147644,17,Наташа
0.6224693655967712,17,Наташа
0.538993239402771,17,Наташа
0.3276783227920532,17,Наташа
0.30736804008483887,17,Наташа
-0.2814156115055084,17,Наташа
0.9648651480674744,52,Наташа
0.4301573634147644,52,Наташа
0.3007555902004242,52,Наташа
0.23935934901237488,52,Наташа
-0.3140605390071869,66,Наташа
0.3702353835105896,66,Наташа
-0.275139719247818,66,Наташа
0.3702353835105896,66,Наташа
0.33459946513175964,66,Наташа
-0.3629792034626007,66,Наташа
0.3775506913661957,66,Наташа
0.29422497749328613,66,Наташа
0.3007555902004242,66,Наташа
-0.26285186409950256,66,Наташа
0.3557848632335663,75,Наташа
0.3998216390609741,77,Наташа
0.2568419873714447,77,Наташа
0.2509227991104126,77,Наташа
0.24509501457214355,77,Наташа
0.44553956389427185,77,Наташа
-0.3998216390609741,77,Наташа
-0.3276783227920532,78,Наташа
0.30736804008483887,80,Наташа
0.7490972280502319,80,Наташа
0.320831298828125,80,Наташа
-0.29422497749328613,80,Наташа
-0.26285186409950256,80,Наташа
0.320831298828125,80,Наташа
-0.3276783227920532,81,Наташа
-0.275139719247818,81,Наташа
-0.320831298828125,96,Наташа
-0.3923468291759491,114,Наташа
-0.3140605390071869,114,Наташа
-0.26285186409950256,115,Наташа
-0.3415925204753876,115,Наташа
0.21207880973815918,115,Наташа
0.5000100135803223,115,Наташа
-0.3702353835105896,116,Наташа
0.2509227991104126,117,Наташа
-0.287777841091156,117,Наташа
-0.24509501457214355,117,Наташа
-0.287777841091156,118,Наташа
0.3629792034626007,118,Наташа
0.2814156115055084,118,Наташа
0.5078218579292297,118,Наташа
0.3007555902004242,119,Наташа
0.46102678775787354,119,Наташа
0.33459946513175964,119,Наташа
0.4765896201133728,119,Наташа
0.4688006341457367,119,Наташа
0.3276783227920532,121,Наташа
-0.2689514458179474,121,Наташа
-0.320831298828125,121,Наташа
-0.24509501457214355,123,Наташа
0.6150978803634644,124,Наташа
-0.3629792034626007,125,Наташа
-0.3276783227920532,125,Наташа
0.275139719247818,125,Наташа
-0.3140605390071869,125,Наташа
-0.23935934901237488,125,Наташа
-0.3415925204753876,125,Наташа
0.6001983880996704,125,Наташа
-0.4225146472454071,125,Наташа
-0.6992644667625427,125,Наташа
-0.3923468291759491,126,Наташа
0.29422497749328613,126,Наташа
0.38492217659950256,126,Наташа
0.348655104637146,129,Наташа
-0.33459946513175964,129,Наташа
-0.287777841091156,129,Наташа
-0.287777841091156,130,Наташа
-0.320831298828125,132,Наташа
-0.5621865391731262,132,Наташа
-0.44553956389427185,132,Наташа
-0.29422497749328613,134,Наташа
-0.3775506913661957,134,Наташа
0.2814156115055084,134,Наташа
0.3415925204753876,134,Наташа
-0.3415925204753876,134,Наташа
-0.29422497749328613,134,Наташа
-0.3629792034626007,135,Наташа
0.287777841091156,135,Наташа
-0.546748161315918,135,Наташа
0.4225146472454071,135,Наташа
0.4532718360424042,135,Наташа
0.3276783227920532,135,Наташа
0.22271016240119934,135,Наташа
0.8175845146179199,135,Наташа
0.3276783227920532,135,Наташа
-0.29422497749328613,136,Наташа
-0.287777841091156,137,Наташа
0.24509501457214355,137,Наташа
-0.3415925204753876,137,Наташа
0.320831298828125,138,Наташа
0.2689514458179474,138,Наташа
0.26285186409950256,138,Наташа
0.26285186409950256,138,Наташа
0.46102678775787354,140,Наташа
-0.40734341740608215,140,Наташа
-0.3629792034626007,141,Наташа
-0.320831298828125,141,Наташа
-0.275139719247818,142,Наташа
0.320831298828125,147,Наташа
-0.22271016240119934,147,Наташа
0.4301573634147644,148,Наташа
0.6442351341247559,148,Наташа
0.3998216390609741,148,Наташа
-0.348655104637146,149,Наташа
0.3415925204753876,149,Наташа
0.3140605390071869,149,Наташа
0.3998216390609741,149,Наташа
0.4688006341457367,149,Наташа
-0.24509501457214355,150,Наташа
0.22271016240119934,150,Наташа
0.5698626637458801,150,Наташа
0.275139719247818,150,Наташа
0.9124462008476257,150,Наташа
0.7490972280502319,150,Наташа
0.44553956389427185,151,Наташа
0.320831298828125,151,Наташа
-0.44553956389427185,151,Наташа
-0.3629792034626007,151,Наташа
0.5000100135803223,151,Наташа
0.275139719247818,151,Наташа
-0.3415925204753876,151,Наташа
-0.3007555902004242,153,Наташа
0.24509501457214355,153,Наташа
0.23935934901237488,153,Наташа
0.6150978803634644,153,Наташа
0.2509227991104126,153,Наташа
0.22271016240119934,153,Наташа
-0.2689514458179474,154,Наташа
-0.22816647589206696,154,Наташа
0.3557848632335663,154,Наташа
0.2689514458179474,154,Наташа
0.29422497749328613,154,Наташа
-0.538993239402771,155,Наташа
-0.44553956389427185,155,Наташа
-0.348655104637146,155,Наташа
-0.33459946513175964,156,Наташа
-0.38492217659950256,156,Наташа
0.9949496984481812,156,Наташа
-0.33459946513175964,156,Наташа
-0.41490885615348816,156,Наташа
-0.29422497749328613,156,Наташа
-0.4378334879875183,156,Наташа
-0.4688006341457367,159,Наташа
-0.320831298828125,159,Наташа
-0.5156299471855164,160,Наташа
-0.5312193632125854,160,Наташа
-0.3998216390609741,160,Наташа
-0.22816647589206696,162,Наташа
-0.5000100135803223,163,Наташа
-0.3923468291759491,179,Наташа
-0.6150978803634644,179,Наташа
-0.2814156115055084,179,Наташа
-0.320831298828125,180,Наташа
-0.3007555902004242,180,Наташа
-0.2689514458179474,180,Наташа
0.4688006341457367,180,Наташа
-0.3998216390609741,181,Наташа
0.33459946513175964,183,Наташа
0.287777841091156,183,Наташа
-0.3415925204753876,183,Наташа
-0.8519628047943115,183,Наташа
-0.33459946513175964,183,Наташа
0.4225146472454071,211,Наташа
-0.2814156115055084,237,Наташа
0.3007555902004242,237,Наташа
-0.3140605390071869,238,Наташа
-0.275139719247818,238,Наташа
0.8031837940216064,238,Наташа
-0.30736804008483887,239,Наташа
-0.3557848632335663,239,Наташа
-0.29422497749328613,241,Наташа
-0.40734341740608215,241,Наташа
0.24509501457214355,241,Наташа
0.275139719247818,242,Наташа
0.26285186409950256,242,Наташа
0.6992644667625427,242,Наташа
-0.348655104637146,256,Наташа
-0.348655104637146,256,Наташа
-0.3775506913661957,256,Наташа
-0.3702353835105896,256,Наташа
-0.38492217659950256,256,Наташа
0.30736804008483887,257,Наташа
-0.3923468291759491,257,Наташа
0.585111141204834,257,Наташа
-0.320831298828125,257,Наташа
-0.29422497749328613,267,Наташа
-0.24509501457214355,267,Наташа
0.24509501457214355,267,Наташа
-0.3007555902004242,273,Наташа
0.3557848632335663,273,Наташа
0.33459946513175964,273,Наташа
-0.287777841091156,273,Наташа
-0.41490885615348816,273,Наташа
-0.3629792034626007,274,Наташа
-0.41490885615348816,274,Наташа
-0.2568419873714447,274,Наташа
-0.3702353835105896,274,Наташа
-0.33459946513175964,275,Наташа
0.30736804008483887,275,Наташа
0.7122421860694885,275,Наташа
0.3415925204753876,275,Наташа
-0.6150978803634644,275,Наташа
-0.3775506913661957,275,Наташа
-0.3557848632335663,275,Наташа
-0.5078218579292297,275,Наташа
-0.3629792034626007,314,Наташа
-0.275139719247818,314,Наташа
-0.3923468291759491,314,Наташа
-0.4225146472454071,314,Наташа
-0.348655104637146,315,Наташа
-0.3775506913661957,315,Наташа
0.5078218579292297,315,Наташа
-0.2689514458179474,316,Наташа
0.3998216390609741,316,Наташа
0.3775506913661957,316,Наташа
-0.585111141204834,316,Наташа
-0.3276783227920532,328,Наташа
0.348655104637146,328,Наташа
0.275139719247818,329,Наташа
-0.3415925204753876,329,Наташа
0.287777841091156,329,Наташа
0.5621865391731262,329,Наташа
0.5156299471855164,330,Наташа
-0.5000100135803223,330,Наташа
0.3007555902004242,330,Наташа
0.523430347442627,330,Наташа
-0.275139719247818,331,Наташа
-0.348655104637146,331,Наташа
-0.33459946513175964,331,Наташа
-0.2814156115055084,333,Наташа
-0.23371636867523193,333,Наташа
-0.4765896201133728,333,Наташа
0.4301573634147644,342,Наташа
0.7057950496673584,342,Наташа
0.275139719247818,343,Наташа
-0.3140605390071869,343,Наташа
0.1968362182378769,343,Наташа
-0.275139719247818,343,Наташа
-0.348655104637146,344,Наташа
-0.30736804008483887,344,Наташа
-0.40734341740608215,344,Наташа
-0.4843900501728058,344,Наташа
-0.5000100135803223,344,Наташа
0.2689514458179474,344,Наташа
0.3415925204753876,345,Наташа
0.2689514458179474,345,Наташа
-0.4378334879875183,345,Наташа
0.5078218579292297,346,Наташа
-0.38492217659950256,347,Наташа
0.4765896201133728,347,Наташа
-0.320831298828125,347,Наташа
-0.3415925204753876,348,Наташа
-0.275139719247818,348,Наташа
-0.3629792034626007,349,Наташа
0.4688006341457367,349,Наташа
0.3775506913661957,349,Наташа
0.33459946513175964,349,Наташа
-0.4378334879875183,9,Николай Ростов
0.4921981394290924,9,Николай Ростов
0.30736804008483887,11,Николай Ростов
0.30736804008483887,13,Николай Ростов
-0.38492217659950256,13,Николай Ростов
0.3702353835105896,14,Николай Ростов
-0.348655104637146,15,Николай Ростов
-0.287777841091156,16,Николай Ростов
-0.523430347442627,17,Николай Ростов
0.320831298828125,29,Николай Ростов
-0.24509501457214355,29,Николай Ростов
-0.3276783227920532,29,Николай Ростов
-0.4225146472454071,29,Николай Ростов
-0.24509501457214355,29,Николай Ростов
-0.29422497749328613,29,Николай Ростов
-0.22816647589206696,29,Николай Ростов
-0.4688006341457367,29,Николай Ростов
-0.33459946513175964,29,Николай Ростов
-0.3775506913661957,29,Николай Ростов
-0.3775506913661957,29,Николай Ростов
-0.22816647589206696,29,Николай Ростов
0.24509501457214355,29,Николай Ростов
-0.4765896201133728,29,Николай Ростов
-0.3629792034626007,29,Николай Ростов
-0.4688006341457367,30,Николай Ростов
-0.1778208613395691,30,Николай Ростов
0.5544804334640503,33,Николай Ростов
-0.2568419873714447,33,Николай Ростов
-0.46102678775787354,33,Николай Ростов
-0.2689514458179474,33,Николай Ростов
-0.33459946513175964,33,Николай Ростов
-0.33459946513175964,33,Николай Ростов
0.275139719247818,33,Николай Ростов
-0.44553956389427185,33,Николай Ростов
-0.3923468291759491,33,Николай Ростов
-0.3775506913661957,44,Николай Ростов
0.26285186409950256,44,Николай Ростов
0.3775506913661957,44,Николай Ростов
-0.4532718360424042,44,Николай Ростов
0.3140605390071869,44,Николай Ростов
-0.44553956389427185,44,Николай Ростов
-0.3415925204753876,44,Николай Ростов
-0.3140605390071869,46,Николай Ростов
-0.3007555902004242,46,Николай Ростов
-0.40734341740608215,46,Николай Ростов
-0.5312193632125854,46,Николай Ростов
-0.3276783227920532,46,Николай Ростов
0.38492217659950256,50,Николай Ростов
0.2689514458179474,52,Николай Ростов
0.26285186409950256,53,Николай Ростов
0.26285186409950256,53,Николай Ростов
-0.4921981394290924,53,Николай Ростов
-0.607673168182373,53,Николай Ростов
-0.3998216390609741,53,Николай Ростов
-0.275139719247818,53,Николай Ростов
-0.4688006341457367,53,Николай Ростов
-0.3557848632335663,54,Николай Ростов
-0.3557848632335663,54,Николай Ростов
-0.44553956389427185,54,Николай Ростов
-0.2814156115055084,54,Николай Ростов
0.6001983880996704,54,Николай Ростов
-0.29422497749328613,54,Николай Ростов
-0.3007555902004242,54,Николай Ростов
-0.40734341740608215,54,Николай Ростов
-0.320831298828125,54,Николай Ростов
0.41490885615348816,54,Николай Ростов
-0.2814156115055084,54,Николай Ростов
-0.3998216390609741,54,Николай Ростов
0.3775506913661957,56,Николай Ростов
-0.4225146472454071,56,Николай Ростов
0.3007555902004242,56,Николай Ростов
-0.4225146472454071,56,Николай Ростов
-0.19194278120994568,56,Николай Ростов
-0.348655104637146,56,Николай Ростов
0.44553956389427185,56,Николай Ростов
-0.320831298828125,56,Николай Ростов
-0.33459946513175964,59,Николай Ростов
-0.320831298828125,59,Николай Ростов
-0.546748161315918,59,Николай Ростов
-0.4688006341457367,59,Николай Ростов
-0.8706072568893433,59,Николай Ростов
-0.3007555902004242,63,Николай Ростов
-0.4843900501728058,63,Николай Ростов
-0.3775506913661957,63,Николай Ростов
-0.3923468291759491,63,Николай Ростов
-0.41490885615348816,63,Николай Ростов
-0.3007555902004242,63,Николай Ростов
-0.4301573634147644,63,Николай Ростов
-0.33459946513175964,64,Николай Ростов
-0.546748161315918,64,Николай Ростов
0.3775506913661957,64,Николай Ростов
-0.6224693655967712,64,Николай Ростов
-0.5078218579292297,64,Николай Ростов
-0.41490885615348816,64,Николай Ростов
-0.38492217659950256,64,Николай Ростов
-0.348655104637146,64,Николай Ростов
-0.21734751760959625,64,Николай Ростов
-0.4532718360424042,64,Николай Ростов
-0.40734341740608215,64,Николай Ростов
-0.38492217659950256,66,Николай Ростов
0.6370407938957214,66,Николай Ростов
-0.275139719247818,66,Николай Ростов
0.6859594583511353,66,Николай Ростов
0.3702353835105896,66,Николай Ростов
0.33459946513175964,66,Николай Ростов
0.40734341740608215,66,Николай Ростов
0.29422497749328613,66,Николай Ростов
0.3007555902004242,66,Николай Ростов
-0.26285186409950256,66,Николай Ростов
-0.26285186409950256,66,Николай Ростов
0.8558611869812012,67,Николай Ростов
0.8558611869812012,67,Николай Ростов
-0.23935934901237488,68,Николай Ростов
-0.3923468291759491,69,Николай Ростов
-0.3923468291759491,69,Николай Ростов
-0.3276783227920532,69,Николай Ростов
-0.348655104637146,69,Николай Ростов
-0.523430347442627,70,Николай Ростов
-0.6001983880996704,70,Николай Ростов
-0.3276783227920532,70,Николай Ростов
-0.4532718360424042,70,Николай Ростов
0.3998216390609741,70,Николай Ростов
0.3557848632335663,74,Николай Ростов
-0.3557848632335663,75,Николай Ростов
-0.5544804334640503,75,Николай Ростов
-0.23371636867523193,75,Николай Ростов
0.2689514458179474,75,Николай Ростов
-0.30736804008483887,75,Николай Ростов
0.3557848632335663,75,Николай Ростов
-0.3557848632335663,76,Николай Ростов
0.3998216390609741,77,Николай Ростов
0.24509501457214355,77,Николай Ростов
0.44553956389427185,77,Николай Ростов
-0.348655104637146,78,Николай Ростов
-0.3923468291759491,78,Николай Ростов
-0.44553956389427185,78,Николай Ростов
-0.3415925204753876,78,Николай Ростов
-0.7310686111450195,78,Николай Ростов
-0.3276783227920532,78,Николай Ростов
-0.3276783227920532,78,Николай Ростов
-0.33459946513175964,79,Николай Ростов
-0.4301573634147644,79,Николай Ростов
-0.46102678775787354,79,Николай Ростов
0.7490972280502319,80,Николай Ростов
-0.29422497749328613,80,Николай Ростов
0.4301573634147644,80,Николай Ростов
-0.3276783227920532,81,Николай Ростов
-0.3276783227920532,81,Николай Ростов
0.23371636867523193,81,Николай Ростов
-0.3775506913661957,81,Николай Ростов
-0.33459946513175964,81,Николай Ростов
-0.29422497749328613,95,Николай Ростов
-0.287777841091156,96,Николай Ростов
-0.3557848632335663,96,Николай Ростов
-0.2689514458179474,96,Николай Ростов
-0.320831298828125,96,Николай Ростов
-0.275139719247818,96,Николай Ростов
-0.23371636867523193,97,Николай Ростов
-0.287777841091156,97,Николай Ростов
-0.22816647589206696,97,Николай Ростов
-0.38492217659950256,97,Николай Ростов
-0.38492217659950256,97,Николай Ростов
-0.41490885615348816,97,Николай Ростов
-0.46102678775787354,97,Николай Ростов
-0.3775506913661957,98,Николай Ростов
-0.3923468291759491,98,Николай Ростов
-0.320831298828125,98,Николай Ростов
-0.16027602553367615,98,Николай Ростов
-0.3775506913661957,98,Николай Ростов
-0.3007555902004242,99,Николай Ростов
-0.3629792034626007,99,Николай Ростов
-0.5698626637458801,99,Николай Ростов
0.6992644667625427,100,Николай Ростов
-0.30736804008483887,100,Николай Ростов
-0.23935934901237488,100,Николай Ростов
-0.3998216390609741,100,Николай Ростов
-0.3702353835105896,101,Николай Ростов
-0.2509227991104126,101,Николай Ростов
-0.4301573634147644,101,Николай Ростов
-0.26285186409950256,101,Николай Ростов
-0.29422497749328613,101,Николай Ростов
-0.3276783227920532,101,Николай Ростов
-0.3998216390609741,101,Николай Ростов
-0.38492217659950256,101,Николай Ростов
-0.3702353835105896,101,Николай Ростов
-0.4843900501728058,101,Николай Ростов
-0.6442351341247559,101,Николай Ростов
-0.4378334879875183,102,Николай Ростов
-0.3140605390071869,102,Николай Ростов
-0.3140605390071869,102,Николай Ростов
-0.44553956389427185,102,Николай Ростов
-0.3923468291759491,102,Николай Ростов
-0.3140605390071869,104,Николай Ростов
0.33459946513175964,114,Николай Ростов
0.3557848632335663,120,Николай Ростов
0.29422497749328613,126,Николай Ростов
-0.30736804008483887,128,Николай Ростов
-0.3415925204753876,129,Николай Ростов
-0.3702353835105896,129,Николай Ростов
-0.320831298828125,129,Николай Ростов
-0.26285186409950256,129,Николай Ростов
0.348655104637146,129,Николай Ростов
-0.287777841091156,129,Николай Ростов
-0.287777841091156,130,Николай Ростов
-0.38492217659950256,130,Николай Ростов
-0.38492217659950256,130,Николай Ростов
-0.320831298828125,131,Николай Ростов
-0.30736804008483887,131,Николай Ростов
-0.30736804008483887,131,Николай Ростов
-0.22816647589206696,131,Николай Ростов
-0.320831298828125,132,Николай Ростов
-0.44553956389427185,132,Николай Ростов
-0.3557848632335663,133,Николай Ростов
-0.38492217659950256,133,Николай Ростов
-0.29422497749328613,134,Николай Ростов
-0.3007555902004242,134,Николай Ростов
-0.3775506913661957,134,Николай Ростов
-0.3140605390071869,134,Николай Ростов
-0.2509227991104126,134,Николай Ростов
0.3007555902004242,134,Николай Ростов
0.3007555902004242,134,Николай Ростов
0.59267657995224,134,Николай Ростов
-0.3557848632335663,134,Николай Ростов
-0.3415925204753876,134,Николай Ростов
0.287777841091156,135,Николай Ростов
-0.29422497749328613,135,Николай Ростов
-0.30736804008483887,135,Николай Ростов
0.4688006341457367,135,Николай Ростов
0.4921981394290924,135,Николай Ростов
0.3276783227920532,135,Николай Ростов
-0.3702353835105896,136,Николай Ростов
-0.3702353835105896,136,Николай Ростов
-0.29422497749328613,136,Николай Ростов
-0.287777841091156,137,Николай Ростов
-0.3415925204753876,137,Николай Ростов
0.2689514458179474,138,Николай Ростов
-0.3140605390071869,138,Николай Ростов
-0.287777841091156,138,Николай Ростов
0.348655104637146,138,Николай Ростов
-0.2814156115055084,139,Николай Ростов
-0.33459946513175964,139,Николай Ростов
-0.3998216390609741,139,Николай Ростов
0.3007555902004242,139,Николай Ростов
-0.23371636867523193,140,Николай Ростов
0.287777841091156,140,Николай Ростов
-0.3557848632335663,141,Николай Ростов
-0.3629792034626007,141,Николай Ростов
-0.40734341740608215,141,Николай Ростов
-0.546748161315918,141,Николай Ростов
-0.348655104637146,143,Николай Ростов
-0.348655104637146,143,Николай Ростов
-0.4532718360424042,144,Николай Ростов
-0.4301573634147644,147,Николай Ростов
0.320831298828125,147,Николай Ростов
0.275139719247818,150,Николай Ростов
0.24509501457214355,153,Николай Ростов
0.2689514458179474,154,Николай Ростов
-0.3923468291759491,171,Николай Ростов
0.26285186409950256,175,Николай Ростов
0.26285186409950256,175,Николай Ростов
0.22271016240119934,175,Николай Ростов
-0.3629792034626007,175,Николай Ростов
-0.2689514458179474,176,Николай Ростов
-0.3998216390609741,176,Николай Ростов
-0.4301573634147644,176,Николай Ростов
-0.3007555902004242,177,Николай Ростов
-0.38492217659950256,177,Николай Ростов
-0.44553956389427185,177,Николай Ростов
-0.4688006341457367,177,Николай Ростов
-0.4688006341457367,177,Николай Ростов
-0.287777841091156,178,Николай Ростов
-0.3140605390071869,178,Николай Ростов
-0.3140605390071869,178,Николай Ростов
-0.33459946513175964,178,Николай Ростов
-0.348655104637146,178,Николай Ростов
-0.3140605390071869,178,Николай Ростов
-0.5156299471855164,178,Николай Ростов
-0.3775506913661957,178,Николай Ростов
-0.3557848632335663,178,Николай Ростов
-0.6150978803634644,179,Николай Ростов
-0.2689514458179474,182,Николай Ростов
-0.30736804008483887,184,Николай Ростов
-0.4765896201133728,193,Николай Ростов
0.4378334879875183,199,Николай Ростов
-0.3557848632335663,199,Николай Ростов
-0.3702353835105896,199,Николай Ростов
-0.4765896201133728,200,Николай Ростов
-0.30736804008483887,200,Николай Ростов
0.38492217659950256,200,Николай Ростов
0.38492217659950256,200,Николай Ростов
-0.5312193632125854,200,Николай Ростов
-0.3998216390609741,203,Николай Ростов
-0.5698626637458801,203,Николай Ростов
-0.3140605390071869,204,Николай Ростов
-0.2814156115055084,237,Николай Ростов
-0.40734341740608215,240,Николай Ростов
-0.3415925204753876,242,Николай Ростов
-0.3629792034626007,252,Николай Ростов
-0.523430347442627,255,Николай Ростов
0.3629792034626007,263,Николай Ростов
0.3775506913661957,263,Николай Ростов
0.2689514458179474,263,Николай Ростов
0.2689514458179474,263,Николай Ростов
-0.3415925204753876,263,Николай Ростов
-0.3415925204753876,263,Николай Ростов
0.26285186409950256,264,Николай Ростов
0.26285186409950256,264,Николай Ростов
0.275139719247818,265,Николай Ростов
0.3775506913661957,265,Николай Ростов
0.3775506913661957,265,Николай Ростов
0.3775506913661957,265,Николай Ростов
0.5156299471855164,265,Николай Ростов
0.3998216390609741,265,Николай Ростов
-0.38492217659950256,265,Николай Ростов
-0.523430347442627,266,Николай Ростов
-0.41490885615348816,266,Николай Ростов
0.275139719247818,266,Николай Ростов
0.3629792034626007,266,Николай Ростов
0.3629792034626007,266,Николай Ростов
-0.4378334879875183,266,Николай Ростов
-0.2814156115055084,266,Николай Ростов
-0.29422497749328613,267,Николай Ростов
0.24509501457214355,267,Николай Ростов
-0.23371636867523193,273,Николай Ростов
-0.3007555902004242,273,Николай Ростов
-0.3007555902004242,273,Николай Ростов
-0.3923468291759491,273,Николай Ростов
-0.29422497749328613,274,Николай Ростов
-0.4378334879875183,309,Николай Ростов
-0.40734341740608215,325,Николай Ростов
-0.538993239402771,339,Николай Ростов
0.275139719247818,339,Николай Ростов
-0.4225146472454071,339,Николай Ростов
-0.3415925204753876,341,Николай Ростов
-0.5775054097175598,341,Николай Ростов
0.4301573634147644,342,Николай Ростов
0.5621865391731262,342,Николай Ростов
-0.29422497749328613,342,Николай Ростов
0.29422497749328613,344,Николай Ростов
0.3415925204753876,345,Николай Ростов
0.5078218579292297,346,Николай Ростов
-0.30736804008483887,347,Николай Ростов
0.33459946513175964,347,Николай Ростов
-0.320831298828125,347,Николай Ростов
0.3702353835105896,348,Николай Ростов
-0.275139719247818,348,Николай Ростов
-0.33459946513175964,348,Николай Ростов
-0.3276783227920532,348,Николай Ростов
-0.33459946513175964,348,Николай Ростов
0.4688006341457367,349,Николай Ростов
-0.3007555902004242,349,Николай Ростов
-0.3629792034626007,349,Николай Ростов
-0.4688006341457367,349,Николай Ростов
